{"cameraMode":{"drawMode":0,"name":"Shaded","section":"Shading Mode"},"sceneLighting":false,"audioPlay":false,"sceneViewState":{"showFog":true,"showMaterialUpdate":true,"showSkybox":true,"showFlares":true,"showImageEffects":true,"showParticleSystems":true},"in2DMode":false,"pivot":{"x":-9.323471069335938,"y":4.9917473793029789,"z":-15.203927040100098},"rotation":{"x":-0.19267946481704713,"y":-0.3693249821662903,"z":0.08058281987905503,"w":-0.9055275917053223},"size":2.8578836917877199,"orthographic":false}