{"cameraMode":{"drawMode":0,"name":"Shaded","section":"Shading Mode"},"sceneLighting":false,"audioPlay":false,"sceneViewState":{"showFog":true,"showMaterialUpdate":true,"showSkybox":true,"showFlares":true,"showImageEffects":true,"showParticleSystems":true},"in2DMode":false,"pivot":{"x":-13.058727264404297,"y":5.925363063812256,"z":-11.190851211547852},"rotation":{"x":-0.19969746470451356,"y":-0.33478277921676638,"z":0.07480964064598084,"w":-0.9178479909896851},"size":5.472431182861328,"orthographic":false}