{"cameraMode":{"drawMode":0,"name":"Shaded","section":"Shading Mode"},"sceneLighting":false,"audioPlay":false,"sceneViewState":{"showFog":true,"showMaterialUpdate":true,"showSkybox":true,"showFlares":true,"showImageEffects":true,"showParticleSystems":true},"in2DMode":false,"pivot":{"x":22.776241302490236,"y":23.328901290893556,"z":8.777000427246094},"rotation":{"x":-0.2055150419473648,"y":0.7666743397712708,"z":-0.2967568337917328,"w":-0.5309515595436096},"size":2.8578836917877199,"orthographic":false}