{"cameraMode":{"drawMode":0,"name":"Shaded","section":"Shading Mode"},"sceneLighting":false,"audioPlay":false,"sceneViewState":{"showFog":true,"showMaterialUpdate":true,"showSkybox":true,"showFlares":true,"showImageEffects":true,"showParticleSystems":true},"in2DMode":false,"pivot":{"x":-0.4314456880092621,"y":0.8868564963340759,"z":-2.8177976608276369},"rotation":{"x":-0.1139913871884346,"y":-0.03768220916390419,"z":0.006148874294012785,"w":-0.9927478432655335},"size":3.7578835487365724,"orthographic":false}