{"cameraMode":{"drawMode":0,"name":"Shaded","section":"Shading Mode"},"sceneLighting":false,"audioPlay":false,"sceneViewState":{"showFog":true,"showMaterialUpdate":true,"showSkybox":true,"showFlares":true,"showImageEffects":true,"showParticleSystems":true},"in2DMode":false,"pivot":{"x":-6.231409549713135,"y":3.4235692024230959,"z":-15.579288482666016},"rotation":{"x":-0.14171487092971803,"y":-0.6800042986869812,"z":0.13909661769866944,"w":-0.7058067917823792},"size":4.478526592254639,"orthographic":false}