{"cameraMode":{"drawMode":0,"name":"Shaded","section":"Shading Mode"},"sceneLighting":false,"audioPlay":false,"sceneViewState":{"showFog":true,"showMaterialUpdate":false,"showSkybox":true,"showFlares":true,"showImageEffects":true,"showParticleSystems":true},"in2DMode":false,"pivot":{"x":103.51888275146485,"y":74.52717590332031,"z":-30.005319595336915},"rotation":{"x":-0.048503246158361438,"y":0.4931548535823822,"z":-0.02755228616297245,"w":-0.8681513071060181},"size":15.938458442687989,"orthographic":false}