{"cameraMode":{"drawMode":0,"name":"Shaded","section":"Shading Mode"},"sceneLighting":false,"audioPlay":false,"sceneViewState":{"showFog":true,"showMaterialUpdate":false,"showSkybox":true,"showFlares":true,"showImageEffects":true,"showParticleSystems":true},"in2DMode":false,"pivot":{"x":38.21345138549805,"y":33.63630294799805,"z":55.8402099609375},"rotation":{"x":0.07223039120435715,"y":0.9249578714370728,"z":-0.29864799976348879,"w":0.22370773553848267},"size":16.144546508789064,"orthographic":false}