{"cameraMode":{"drawMode":0,"name":"Shaded","section":"Shading Mode"},"sceneLighting":true,"audioPlay":false,"sceneViewState":{"showFog":true,"showMaterialUpdate":true,"showSkybox":true,"showFlares":true,"showImageEffects":true,"showParticleSystems":true},"in2DMode":false,"pivot":{"x":-6.219970226287842,"y":3.2142908573150636,"z":-1.39517080783844},"rotation":{"x":-0.2239772379398346,"y":-0.33155423402786257,"z":0.08135057985782623,"w":-0.9128461480140686},"size":15.36789321899414,"orthographic":false}