{"cameraMode":{"drawMode":0,"name":"Shaded","section":"Shading Mode"},"sceneLighting":true,"audioPlay":false,"sceneViewState":{"showFog":true,"showMaterialUpdate":true,"showSkybox":true,"showFlares":true,"showImageEffects":true,"showParticleSystems":true},"in2DMode":false,"pivot":{"x":5.712521553039551,"y":11.473299980163575,"z":41.2330322265625},"rotation":{"x":0.28913626074790957,"y":-0.12922237813472749,"z":0.03942462429404259,"w":0.9477065205574036},"size":9.122235298156739,"orthographic":false}