{"cameraMode":{"drawMode":0,"name":"Shaded","section":"Shading Mode"},"sceneLighting":true,"audioPlay":false,"sceneViewState":{"showFog":true,"showMaterialUpdate":true,"showSkybox":true,"showFlares":true,"showImageEffects":true,"showParticleSystems":true},"in2DMode":false,"pivot":{"x":-5.673431396484375,"y":4.955406188964844,"z":48.939449310302737},"rotation":{"x":0.18952664732933045,"y":-0.42567145824432375,"z":0.09167277067899704,"w":0.8800452351570129},"size":22.0,"orthographic":false}