{"cameraMode":{"drawMode":0,"name":"Shaded","section":"Shading Mode"},"sceneLighting":true,"audioPlay":false,"sceneViewState":{"showFog":true,"showMaterialUpdate":true,"showSkybox":true,"showFlares":true,"showImageEffects":true,"showParticleSystems":true},"in2DMode":false,"pivot":{"x":-59.79726791381836,"y":-40.00972366333008,"z":30.519790649414064},"rotation":{"x":-0.2223893105983734,"y":0.40990251302719118,"z":-0.10375761240720749,"w":-0.8784971833229065},"size":102.72802734375,"orthographic":false}