{"cameraMode":{"drawMode":0,"name":"Shaded","section":"Shading Mode"},"sceneLighting":false,"audioPlay":false,"sceneViewState":{"showFog":true,"showMaterialUpdate":true,"showSkybox":true,"showFlares":true,"showImageEffects":true,"showParticleSystems":true},"in2DMode":false,"pivot":{"x":12.492586135864258,"y":-4.015387535095215,"z":15.479097366333008},"rotation":{"x":-0.012710493989288807,"y":0.9836106300354004,"z":-0.16259664297103883,"w":-0.07688341289758682},"size":2.8578836917877199,"orthographic":false}