{"cameraMode":{"drawMode":0,"name":"Shaded","section":"Shading Mode"},"sceneLighting":true,"audioPlay":false,"sceneViewState":{"showFog":true,"showMaterialUpdate":true,"showSkybox":true,"showFlares":true,"showImageEffects":true,"showParticleSystems":true},"in2DMode":false,"pivot":{"x":0.9408136606216431,"y":1.741200566291809,"z":-2.235098123550415},"rotation":{"x":0.21080921590328217,"y":-0.2868666350841522,"z":0.06486541777849198,"w":0.9322336316108704},"size":2.7586371898651125,"orthographic":false}