{"cameraMode":{"drawMode":0,"name":"Shaded","section":"Shading Mode"},"sceneLighting":true,"audioPlay":false,"sceneViewState":{"showFog":true,"showMaterialUpdate":true,"showSkybox":true,"showFlares":true,"showImageEffects":true,"showParticleSystems":true},"in2DMode":false,"pivot":{"x":-12.56838321685791,"y":13.549351692199707,"z":-20.024608612060548},"rotation":{"x":-0.20105960965156556,"y":-0.2639271020889282,"z":0.056354228407144549,"w":-0.9416697025299072},"size":6.944270610809326,"orthographic":false}