{"cameraMode":{"drawMode":0,"name":"Shaded","section":"Shading Mode"},"sceneLighting":true,"audioPlay":false,"sceneViewState":{"showFog":true,"showMaterialUpdate":true,"showSkybox":true,"showFlares":true,"showImageEffects":true,"showParticleSystems":true},"in2DMode":false,"pivot":{"x":1.7068371772766114,"y":-1.304489254951477,"z":-14.519268989562989},"rotation":{"x":0.2981657087802887,"y":-0.2312542051076889,"z":0.07469165325164795,"w":0.9230600595474243},"size":27.422767639160158,"orthographic":false}