{"cameraMode":{"drawMode":0,"name":"Shaded","section":"Shading Mode"},"sceneLighting":true,"audioPlay":false,"sceneViewState":{"showFog":true,"showMaterialUpdate":true,"showSkybox":true,"showFlares":true,"showImageEffects":true,"showParticleSystems":true},"in2DMode":false,"pivot":{"x":15.852054595947266,"y":-1.5391126871109009,"z":3.8433244228363039},"rotation":{"x":-0.2901954650878906,"y":-0.1896604746580124,"z":0.05879339203238487,"w":-0.9361404776573181},"size":14.932235717773438,"orthographic":false}