{"cameraMode":{"drawMode":0,"name":"Shaded","section":"Shading Mode"},"sceneLighting":true,"audioPlay":false,"sceneViewState":{"showFog":true,"showMaterialUpdate":true,"showSkybox":true,"showFlares":true,"showImageEffects":true,"showParticleSystems":true},"in2DMode":false,"pivot":{"x":3.9345669746398927,"y":-0.06557178497314453,"z":1.5702438354492188},"rotation":{"x":-0.10067150741815567,"y":0.01167544350028038,"z":-0.001179507584311068,"w":-0.9948505163192749},"size":30.9390869140625,"orthographic":false}