{"cameraMode":{"drawMode":0,"name":"Shaded","section":"Shading Mode"},"sceneLighting":true,"audioPlay":false,"sceneViewState":{"showFog":true,"showMaterialUpdate":true,"showSkybox":true,"showFlares":true,"showImageEffects":true,"showParticleSystems":true},"in2DMode":false,"pivot":{"x":-1.2196882963180543,"y":2.1872057914733888,"z":-1.4866851568222047},"rotation":{"x":-0.08675387501716614,"y":0.10414193570613861,"z":-0.00911793950945139,"w":-0.990729570388794},"size":8.679216384887696,"orthographic":false}