{"cameraMode":{"drawMode":0,"name":"Shaded","section":"Shading Mode"},"sceneLighting":true,"audioPlay":false,"sceneViewState":{"showFog":true,"showMaterialUpdate":true,"showSkybox":true,"showFlares":true,"showImageEffects":true,"showParticleSystems":true},"in2DMode":false,"pivot":{"x":12.311652183532715,"y":0.8270516395568848,"z":2.5248866081237795},"rotation":{"x":0.014848065562546254,"y":-0.9693663120269775,"z":0.23756828904151917,"w":0.060578640550374988},"size":10.907796859741211,"orthographic":false}