{"cameraMode":{"drawMode":0,"name":"Shaded","section":"Shading Mode"},"sceneLighting":true,"audioPlay":false,"sceneViewState":{"showFog":true,"showMaterialUpdate":true,"showSkybox":true,"showFlares":true,"showImageEffects":true,"showParticleSystems":true},"in2DMode":false,"pivot":{"x":12.481060981750489,"y":1.7505886554718018,"z":0.4738626480102539},"rotation":{"x":-0.09611433744430542,"y":-0.24547822773456574,"z":0.02446850948035717,"w":-0.9643151760101318},"size":10.330934524536133,"orthographic":false}