{"cameraMode":{"drawMode":0,"name":"Shaded","section":"Shading Mode"},"sceneLighting":true,"audioPlay":false,"sceneViewState":{"showFog":true,"showMaterialUpdate":true,"showSkybox":true,"showFlares":true,"showImageEffects":true,"showParticleSystems":true},"in2DMode":false,"pivot":{"x":14.536015510559082,"y":0.8308219909667969,"z":2.340634822845459},"rotation":{"x":0.2021828293800354,"y":-0.08648128062486649,"z":0.01792289689183235,"w":0.9753572940826416},"size":11.027402877807618,"orthographic":false}