{"cameraMode":{"drawMode":0,"name":"Shaded","section":"Shading Mode"},"sceneLighting":true,"audioPlay":false,"sceneViewState":{"showFog":true,"showMaterialUpdate":true,"showSkybox":true,"showFlares":true,"showImageEffects":true,"showParticleSystems":true},"in2DMode":false,"pivot":{"x":45.22724151611328,"y":-18.92496681213379,"z":37.20921325683594},"rotation":{"x":0.17777441442012788,"y":0.34538716077804568,"z":-0.06681159138679505,"w":0.9190431237220764},"size":61.68950271606445,"orthographic":false}