{"cameraMode":{"drawMode":0,"name":"Shaded","section":"Shading Mode"},"sceneLighting":true,"audioPlay":false,"sceneViewState":{"showFog":true,"showMaterialUpdate":true,"showSkybox":true,"showFlares":true,"showImageEffects":true,"showParticleSystems":true},"in2DMode":false,"pivot":{"x":0.25140953063964846,"y":-1.8181333541870118,"z":-6.095160961151123},"rotation":{"x":0.42576172947883608,"y":0.3108857572078705,"z":-0.1585512012243271,"w":0.8348284959793091},"size":17.53731918334961,"orthographic":false}