{"cameraMode":{"drawMode":0,"name":"Shaded","section":"Shading Mode"},"sceneLighting":true,"audioPlay":false,"sceneViewState":{"showFog":true,"showMaterialUpdate":true,"showSkybox":true,"showFlares":true,"showImageEffects":true,"showParticleSystems":true},"in2DMode":false,"pivot":{"x":-0.4587768018245697,"y":0.15938009321689607,"z":-6.398070812225342},"rotation":{"x":-0.17293690145015717,"y":0.15157075226306916,"z":-0.026937562972307206,"w":-0.9728276133537293},"size":31.885730743408204,"orthographic":false}