{"cameraMode":{"drawMode":0,"name":"Shaded","section":"Shading Mode"},"sceneLighting":true,"audioPlay":false,"sceneViewState":{"showFog":true,"showMaterialUpdate":true,"showSkybox":true,"showFlares":true,"showImageEffects":true,"showParticleSystems":true},"in2DMode":false,"pivot":{"x":18.778564453125,"y":6.207110404968262,"z":-5.406716346740723},"rotation":{"x":0.3172924518585205,"y":-0.007132111582905054,"z":0.0023820342030376198,"w":0.9482979774475098},"size":0.24136286973953248,"orthographic":false}