{"cameraMode":{"drawMode":0,"name":"Shaded","section":"Shading Mode"},"sceneLighting":true,"audioPlay":false,"sceneViewState":{"showFog":true,"showMaterialUpdate":true,"showSkybox":true,"showFlares":true,"showImageEffects":true,"showParticleSystems":true},"in2DMode":false,"pivot":{"x":28.62480926513672,"y":-7.7656145095825199,"z":17.221145629882814},"rotation":{"x":0.16674022376537324,"y":0.36532729864120486,"z":-0.06669364869594574,"w":0.9133923649787903},"size":33.90144348144531,"orthographic":false}