{"cameraMode":{"drawMode":0,"name":"Shaded","section":"Shading Mode"},"sceneLighting":true,"audioPlay":false,"sceneViewState":{"showFog":true,"showMaterialUpdate":true,"showSkybox":true,"showFlares":true,"showImageEffects":true,"showParticleSystems":true},"in2DMode":false,"pivot":{"x":12.684480667114258,"y":-3.549330711364746,"z":-1.259941577911377},"rotation":{"x":-0.02333395555615425,"y":-0.9078077077865601,"z":0.41562318801879885,"w":-0.05097198858857155},"size":11.627326965332032,"orthographic":false}