{"cameraMode":{"drawMode":0,"name":"Shaded","section":"Shading Mode"},"sceneLighting":true,"audioPlay":false,"sceneViewState":{"showFog":true,"showMaterialUpdate":true,"showSkybox":true,"showFlares":true,"showImageEffects":true,"showParticleSystems":true},"in2DMode":false,"pivot":{"x":-9.454044342041016,"y":12.44683837890625,"z":-4.058372497558594},"rotation":{"x":-0.0033389790914952757,"y":0.9946385025978088,"z":-0.0975971445441246,"w":-0.034029655158519748},"size":59.314266204833987,"orthographic":false}