{"cameraMode":{"drawMode":0,"name":"Shaded","section":"Shading Mode"},"sceneLighting":true,"audioPlay":false,"sceneViewState":{"showFog":true,"showMaterialUpdate":true,"showSkybox":true,"showFlares":true,"showImageEffects":true,"showParticleSystems":true},"in2DMode":false,"pivot":{"x":5.992264747619629,"y":2.839782953262329,"z":1.1330989599227906},"rotation":{"x":-0.0181654691696167,"y":0.9799063801765442,"z":-0.16801561415195466,"w":-0.10594507306814194},"size":10.0,"orthographic":false}