{"cameraMode":{"drawMode":0,"name":"Shaded","section":"Shading Mode"},"sceneLighting":false,"audioPlay":false,"sceneViewState":{"showFog":true,"showMaterialUpdate":true,"showSkybox":true,"showFlares":true,"showImageEffects":true,"showParticleSystems":true},"in2DMode":false,"pivot":{"x":-9.454176902770996,"y":4.999578475952148,"z":-16.08005714416504},"rotation":{"x":-0.1939675211906433,"y":-0.33798113465309145,"z":0.07338184118270874,"w":-0.9180198311805725},"size":2.8578836917877199,"orthographic":false}