{"cameraMode":{"drawMode":0,"name":"Shaded","section":"Shading Mode"},"sceneLighting":true,"audioPlay":false,"sceneViewState":{"showFog":true,"showMaterialUpdate":true,"showSkybox":true,"showFlares":true,"showImageEffects":true,"showParticleSystems":true},"in2DMode":false,"pivot":{"x":-11.392120361328125,"y":7.306840419769287,"z":-2.4008185863494875},"rotation":{"x":0.09496666491031647,"y":0.7237955927848816,"z":-0.1043335348367691,"w":0.6754375100135803},"size":2.8578834533691408,"orthographic":false}