{"cameraMode":{"drawMode":0,"name":"Shaded","section":"Shading Mode"},"sceneLighting":false,"audioPlay":false,"sceneViewState":{"showFog":true,"showMaterialUpdate":true,"showSkybox":true,"showFlares":true,"showImageEffects":true,"showParticleSystems":true},"in2DMode":false,"pivot":{"x":6.603307723999023,"y":-2.8666205406188967,"z":13.578506469726563},"rotation":{"x":-0.12239708751440048,"y":0.2305060178041458,"z":-0.029696214944124223,"w":-0.9648854732513428},"size":3.6895129680633547,"orthographic":false}