{"cameraMode":{"drawMode":0,"name":"Shaded","section":"Shading Mode"},"sceneLighting":true,"audioPlay":false,"sceneViewState":{"showFog":true,"showMaterialUpdate":true,"showSkybox":true,"showFlares":true,"showImageEffects":true,"showParticleSystems":true},"in2DMode":false,"pivot":{"x":-24.403039932250978,"y":12.188685417175293,"z":-1.8115347623825074},"rotation":{"x":0.1555289477109909,"y":0.5728052258491516,"z":-0.11399905383586884,"w":0.7966863512992859},"size":6.491783618927002,"orthographic":false}