{"cameraMode":{"drawMode":0,"name":"Shaded","section":"Shading Mode"},"sceneLighting":false,"audioPlay":false,"sceneViewState":{"showFog":true,"showMaterialUpdate":true,"showSkybox":true,"showFlares":true,"showImageEffects":true,"showParticleSystems":true},"in2DMode":false,"pivot":{"x":-9.238849639892579,"y":4.982895374298096,"z":-17.60787010192871},"rotation":{"x":-0.16360554099082948,"y":-0.3594453036785126,"z":0.06615088135004044,"w":-0.916327714920044},"size":2.8674421310424806,"orthographic":false}