{"cameraMode":{"drawMode":0,"name":"Shaded","section":"Shading Mode"},"sceneLighting":false,"audioPlay":false,"sceneViewState":{"showFog":true,"showMaterialUpdate":true,"showSkybox":true,"showFlares":true,"showImageEffects":true,"showParticleSystems":true},"in2DMode":false,"pivot":{"x":-8.126370429992676,"y":-3.6818408966064455,"z":-7.495682239532471},"rotation":{"x":-0.004478796385228634,"y":0.9839011430740356,"z":-0.17802512645721436,"w":-0.01501972321420908},"size":15.653274536132813,"orthographic":false}