{"cameraMode":{"drawMode":0,"name":"Shaded","section":"Shading Mode"},"sceneLighting":false,"audioPlay":false,"sceneViewState":{"showFog":true,"showMaterialUpdate":true,"showSkybox":true,"showFlares":true,"showImageEffects":true,"showParticleSystems":true},"in2DMode":false,"pivot":{"x":23.342191696166993,"y":23.84649085998535,"z":6.827436923980713},"rotation":{"x":-0.2565344274044037,"y":0.2749682068824768,"z":-0.07441473752260208,"w":-0.9236043691635132},"size":2.5578835010528566,"orthographic":false}