{"cameraMode":{"drawMode":0,"name":"Shaded","section":"Shading Mode"},"sceneLighting":false,"audioPlay":false,"sceneViewState":{"showFog":true,"showMaterialUpdate":true,"showSkybox":true,"showFlares":true,"showImageEffects":true,"showParticleSystems":true},"in2DMode":false,"pivot":{"x":-9.504728317260743,"y":5.821404457092285,"z":-13.143316268920899},"rotation":{"x":-0.20812536776065827,"y":-0.34767624735832217,"z":0.08145160228013993,"w":-0.9105881452560425},"size":5.472431182861328,"orthographic":false}