{"cameraMode":{"drawMode":0,"name":"Shaded","section":"Shading Mode"},"sceneLighting":false,"audioPlay":false,"sceneViewState":{"showFog":true,"showMaterialUpdate":true,"showSkybox":true,"showFlares":true,"showImageEffects":true,"showParticleSystems":true},"in2DMode":false,"pivot":{"x":-11.502132415771485,"y":5.186498641967773,"z":-10.774542808532715},"rotation":{"x":-0.22947195172309876,"y":-0.5084962248802185,"z":0.14500781893730164,"w":-0.8171578645706177},"size":6.3721723556518559,"orthographic":false}