{"cameraMode":{"drawMode":0,"name":"Shaded","section":"Shading Mode"},"sceneLighting":true,"audioPlay":false,"sceneViewState":{"showFog":true,"showMaterialUpdate":true,"showSkybox":true,"showFlares":true,"showImageEffects":true,"showParticleSystems":true},"in2DMode":false,"pivot":{"x":-3.2174205780029299,"y":9.454792022705079,"z":-13.777259826660157},"rotation":{"x":-0.1883159726858139,"y":0.04655836895108223,"z":-0.007123957853764296,"w":-0.9809784293174744},"size":29.342693328857423,"orthographic":false}