{"cameraMode":{"drawMode":0,"name":"Shaded","section":"Shading Mode"},"sceneLighting":false,"audioPlay":false,"sceneViewState":{"showFog":true,"showMaterialUpdate":true,"showSkybox":true,"showFlares":true,"showImageEffects":true,"showParticleSystems":true},"in2DMode":false,"pivot":{"x":-4.413786888122559,"y":-1.0317000150680543,"z":-3.3981542587280275},"rotation":{"x":0.030062641948461534,"y":0.9560196399688721,"z":-0.11335158348083496,"w":0.268838495016098},"size":15.653274536132813,"orthographic":false}