{"cameraMode":{"drawMode":0,"name":"Shaded","section":"Shading Mode"},"sceneLighting":false,"audioPlay":false,"sceneViewState":{"showFog":true,"showMaterialUpdate":true,"showSkybox":true,"showFlares":true,"showImageEffects":true,"showParticleSystems":true},"in2DMode":false,"pivot":{"x":-5.6473798751831059,"y":6.759494304656982,"z":-10.034744262695313},"rotation":{"x":0.2169005423784256,"y":-0.3836083710193634,"z":0.09123238921165467,"w":0.8930148482322693},"size":2.8578834533691408,"orthographic":false}