{"cameraMode":{"drawMode":0,"name":"Shaded","section":"Shading Mode"},"sceneLighting":false,"audioPlay":false,"sceneViewState":{"showFog":true,"showMaterialUpdate":false,"showSkybox":true,"showFlares":true,"showImageEffects":true,"showParticleSystems":true},"in2DMode":false,"pivot":{"x":105.77226257324219,"y":81.692626953125,"z":-35.633270263671878},"rotation":{"x":-0.20988042652606965,"y":-0.056579288095235828,"z":0.012166587635874749,"w":-0.9760128259658814},"size":2.336211681365967,"orthographic":false}