{"cameraMode":{"drawMode":0,"name":"Shaded","section":"Shading Mode"},"sceneLighting":true,"audioPlay":false,"sceneViewState":{"showFog":true,"showMaterialUpdate":true,"showSkybox":true,"showFlares":true,"showImageEffects":true,"showParticleSystems":true},"in2DMode":false,"pivot":{"x":75.59197998046875,"y":47.51136016845703,"z":-38.98300552368164},"rotation":{"x":-0.17653793096542359,"y":0.11985299736261368,"z":-0.02166251838207245,"w":-0.9767294526100159},"size":38.6155891418457,"orthographic":false}