{"cameraMode":{"drawMode":0,"name":"Shaded","section":"Shading Mode"},"sceneLighting":false,"audioPlay":false,"sceneViewState":{"showFog":true,"showMaterialUpdate":false,"showSkybox":true,"showFlares":true,"showImageEffects":true,"showParticleSystems":true},"in2DMode":false,"pivot":{"x":106.80513763427735,"y":76.42073059082031,"z":-23.99850082397461},"rotation":{"x":-0.16249991953372956,"y":-0.6380516290664673,"z":0.14021198451519013,"w":-0.7394758462905884},"size":4.13345193862915,"orthographic":false}